City_ID,City,Country,Max Temp,Description,Lat,Lng,Hotel Name
1,Souillac,MU,70.18,light rain,-20.5167,57.5167,Shanti Maurice Resort & Spa
5,Praya,CV,81.14,few clouds,14.9215,-23.5087,LT Aparthotel
7,Ugoofaaru,MV,82.81,overcast clouds,5.6667,73.0,Ungoofaaru Inn
11,Samana,DO,82.62,few clouds,19.2056,-69.3369,The Bannister - Hotel & Yacht Club
13,Tarakan,ID,82.72,few clouds,3.3,117.6333,RedDoorz Syariah near Taman Berlabuh Tarakan
14,Ribeira Grande,PT,70.2,few clouds,38.5167,-28.7,Quinta da Meia Eira
16,Omboue,GA,78.57,broken clouds,-1.5746,9.2618,Hotel Olako
19,Avarua,CK,77.05,broken clouds,-21.2078,-159.775,Paradise Inn
21,The Valley,AI,85.1,few clouds,18.217,-63.0578,CeBlue Villas & Beach Resort
22,Atuona,PF,77.61,light rain,-9.8,-139.0333,Villa Enata
27,Rong Kwang,TH,79.21,scattered clouds,18.339,100.3174,Rong Kwang Hotel
30,Kapaa,US,73.11,scattered clouds,22.0752,-159.319,Sheraton Kauai Coconut Beach Resort
31,Hirara,JP,82.17,overcast clouds,24.8,125.2833,Hotel Atoll Emerald Miyakojima
32,Hilo,US,72.25,light rain,19.7297,-155.09,Hilo Hawaiian Hotel
33,Sabang,ID,83.46,light rain,5.8933,95.3214,Hotel Citra
34,Mundo Nuevo,MX,81.34,overcast clouds,18.7,-95.5,
37,Kuching,MY,77.22,light rain,1.55,110.3333,Hilton Kuching
38,Butaritari,KI,82.69,overcast clouds,3.0707,172.7902,Isles Sunset Lodge
39,Hasaki,JP,72.28,overcast clouds,35.7333,140.8333,Inubosaki Kanko Hotel
40,Morgan City,US,88.0,clear sky,29.6994,-91.2068,Hampton Inn & Suites Morgan City
44,Tukrah,LY,80.69,clear sky,32.5341,20.5791,Lagrota restaurant
45,Katsuura,JP,72.86,overcast clouds,35.1333,140.3,Katsuura Hotel Mikazuki
50,Santa Cruz De La Palma,ES,76.14,broken clouds,28.6835,-17.7642,H10 Taburiente Playa
55,Trairi,BR,83.46,overcast clouds,-3.2778,-39.2689,janelas do mar
57,Kiunga,PG,71.91,overcast clouds,-6.1219,141.2906,Airport Lodge Kiunga
62,Ziarat,PK,72.81,clear sky,30.3823,67.7282,Pakiza Guest House ziarat
64,Hithadhoo,MV,83.89,broken clouds,-0.6,73.0833,Scoop Guest House
65,Strezhevoy,RU,74.25,broken clouds,60.7333,77.5889,Sibiryachka
69,Muisne,EC,74.52,light rain,0.6,-80.0333,Quinta Samay
71,Mahebourg,MU,70.09,broken clouds,-20.4081,57.7,Shandrani Beachcomber Resort & Spa
73,Naliya,IN,86.09,clear sky,23.2667,68.8333,jadeja jayendrasinh
74,Roebourne,AU,73.81,clear sky,-20.7833,117.1333,Latitude20 Roebourne Village
78,Hamilton,US,72.84,overcast clouds,39.1834,-84.5333,Six Acres Bed & Breakfast
81,Puerto Ayora,EC,73.36,overcast clouds,-0.7393,-90.3518,Finch Bay Galapagos Hotel
85,Maceio,BR,80.04,broken clouds,-9.6658,-35.7353,Hotel Ponta Verde Macei√≥
87,Mangotsfield,GB,71.1,broken clouds,51.4878,-2.504,The Langley Arms
88,Acarau,BR,83.98,scattered clouds,-2.8856,-40.12,castelo pizzaria
92,Sampit,ID,74.93,light rain,-2.5333,112.95,Aquarius Boutique Hotel Sampit
93,Panalingaan,PH,78.85,overcast clouds,8.7842,117.4231,I Love Panalingaan View Deck
94,Karratha,AU,74.05,clear sky,-20.7377,116.8463,ibis Styles Karratha
96,Naze,JP,75.45,overcast clouds,28.3667,129.4833,Shishime Hotel
99,Marsh Harbour,BS,82.47,clear sky,26.5412,-77.0636,Abaco Beach Resort
101,Muscle Shoals,US,78.46,clear sky,34.7448,-87.6675,Microtel Inn & Suites by Wyndham Tuscumbia/Muscle Shoals
104,Sawang Daen Din,TH,84.18,overcast clouds,17.4753,103.4575,‡∏ö‡πâ‡∏≤‡∏ô‡πÄ‡∏à‡πÄ‡∏ô‡πá‡∏ï ‡∏Ñ‡∏≠‡∏°‡∏û‡∏¥‡∏ß‡πÄ‡∏ï‡∏≠‡∏£‡πå
105,Amapa,BR,79.63,broken clouds,1.0,-52.0,
108,Kimbe,PG,74.93,light rain,-5.5502,150.1429,Kimbe Bay Hotel
109,Kualakapuas,ID,75.15,moderate rain,-3.0091,114.3876,Guest House Izonk
110,Asau,RO,81.52,few clouds,46.4333,26.4,Casa Mika Ciobanus
114,Kalmunai,LK,84.13,overcast clouds,7.4167,81.8167,VS Villa
115,Ponta Do Sol,PT,74.03,overcast clouds,32.6667,-17.1,Hotel do Campo
117,Riohacha,CO,84.76,broken clouds,11.5444,-72.9072,Hotel Taroa
120,Vaini,TO,77.16,broken clouds,-21.2,-175.2,Keleti Beach Resort
121,Korla,CN,78.73,overcast clouds,41.7597,86.1469,Gulisitan Hotel
124,Ginir,ET,71.37,broken clouds,7.1333,40.7,Sura Dare Village
128,Agirish,RU,71.55,broken clouds,61.9247,63.0231,
137,Boyolangu,ID,76.17,light rain,-8.1181,111.8935,Yos ega cv
138,Kieta,PG,77.99,light rain,-6.2167,155.6333,Uruna Bay Retreat
141,Kavaratti,IN,82.33,overcast clouds,10.5669,72.642,Hotels in Lakshadweep Islands
143,Porto Velho,BR,75.25,broken clouds,-8.7619,-63.9039,Ecos Hotel Conforto
146,Sibu,MY,74.44,overcast clouds,2.3,111.8167,RH HOTEL (4 Star)
153,Waingapu,ID,76.35,broken clouds,-9.6567,120.2641,Pondok Wisata Elim
155,Koulamoutou,GA,82.78,overcast clouds,-1.1303,12.4736,Motel Bouenguidi
156,Bengkulu,ID,77.11,overcast clouds,-3.8004,102.2655,Grage Hotel Bengkulu
157,Sao Filipe,CV,73.13,moderate rain,14.8961,-24.4956,Hotel Xaguate
158,Naifaru,MV,82.63,overcast clouds,5.4444,73.3657,Naifaru Residence Guest House
163,Cabra,ES,84.85,scattered clouds,37.4725,-4.4421,MS Fuente Las Piedras
164,Sao Joao Da Barra,BR,75.29,overcast clouds,-21.6403,-41.0511,Pousada Porto De Canoas
165,San Patricio,US,85.87,clear sky,28.017,-97.5169,"Motel 6 Sinton, TX"
167,Bathsheba,BB,86.61,broken clouds,13.2167,-59.5167,Atlantis Hotel
168,Bethel,US,70.52,clear sky,41.3712,-73.414,Courtyard by Marriott Danbury
172,Kavieng,PG,81.03,broken clouds,-2.5744,150.7967,Nusa Island Retreat
173,Tazovskiy,RU,71.24,overcast clouds,67.4667,78.7,TazHostel
174,San Cristobal,VE,73.58,overcast clouds,7.7669,-72.225,Pirineos
175,Saint-Pierre,RE,71.91,light rain,-21.3393,55.4781,Alize Plage
177,Arrecife,ES,78.78,broken clouds,28.963,-13.5477,Hotel Lancelot
180,Novyy Urengoy,RU,79.65,overcast clouds,66.0833,76.6333,Apartments Moy Dom na Gubkina
183,Myitkyina,MM,75.13,few clouds,25.3833,97.4,Shwe Phyu Hotel
184,Pokhara,NP,71.56,broken clouds,28.2333,83.9833,OYO 170 Hotel View Point
188,Bandarbeyla,SO,81.34,broken clouds,9.4942,50.8122,JABIR HOTEL
193,Nouakchott,MR,85.93,overcast clouds,18.0858,-15.9785,HOTEL IMAN
194,Lorengau,PG,78.82,overcast clouds,-2.0226,147.2712,Lorengau Harbourside Hotel
195,Poum,NC,72.3,clear sky,-20.2333,164.0167,
196,Warangal,IN,87.96,light rain,18.0,79.5833,Capital O 66968 Haveli The Landmark
198,Loanda,AO,82.4,scattered clouds,-8.8368,13.2343,EPIC SANA Luanda
199,Balikpapan,ID,81.59,few clouds,-1.2675,116.8289,Swiss-Belhotel Balikpapan
202,Mayumba,GA,75.33,scattered clouds,-3.432,10.6554,LIKWALE LODGE
203,Rock Sound,BS,81.64,overcast clouds,24.9,-76.2,Pink Corral Bay Property
204,Isangel,VU,70.11,overcast clouds,-19.55,169.2667,Tanna Lodge
206,Vila Velha,BR,75.15,scattered clouds,-20.3297,-40.2925,Hotel Vit√≥ria Palace
208,Mariara,VE,78.13,overcast clouds,10.2964,-67.7181,El Carmen 1
211,Ambanja,MG,75.72,moderate rain,-13.6833,48.45,Hotel Salama and Fast Food
213,Rundu,,83.32,clear sky,-17.9333,19.7667,Millennia Estate
215,Bonthe,SL,85.05,broken clouds,7.5264,-12.505,Bonthe Holiday Village
219,Inyonga,TZ,82.76,scattered clouds,-6.7167,32.0667,Eden Rock Lodge
222,Hobyo,SO,81.14,overcast clouds,5.3505,48.5268,Iftin hotel hobyo
226,Cileungsi,ID,78.04,moderate rain,-6.3947,106.9592,villa berbagi indah
230,Kaoma,ZM,81.97,clear sky,-14.7833,24.8,KAOMA AIRPORT
231,Avera,US,79.38,overcast clouds,33.194,-82.5271,
233,Sri Aman,MY,75.65,moderate rain,1.2376,111.4621,Seri Simanggang Hotel
234,Arraial Do Cabo,BR,75.06,few clouds,-22.9661,-42.0278,Pousada Porto Praia
235,Bubaque,GW,79.66,overcast clouds,11.2833,-15.8333,"Casa Dora, Bubaque"
238,Luena,AO,82.24,clear sky,-11.7833,19.9167,Hotel Kandamba
243,Georgetown,MY,82.33,thunderstorm,5.4112,100.3354,Cititel Penang
244,Yar-Sale,RU,70.59,overcast clouds,66.8333,70.8333,Yalemd
248,Tayabo,PH,76.82,overcast clouds,15.8342,121.0308,Hotel Francesko
252,Kahului,US,75.85,clear sky,20.8947,-156.47,Maui Seaside Hotel
254,Puerto Escondido,MX,77.83,broken clouds,15.85,-97.0667,Aldea del Bazar Hotel and Spa
263,Labuhan,ID,80.55,few clouds,-6.8844,112.2051,DoubleFAG
267,Dwarka,IN,85.68,scattered clouds,22.2394,68.9678,Hotel Narayan Avezika Comfort
272,Celestun,MX,80.08,broken clouds,20.8667,-90.4,Posada Lilia
274,Alyangula,AU,73.29,overcast clouds,-13.8483,136.4192,Groote Eylandt Lodge
276,Talnakh,RU,76.08,overcast clouds,69.4865,88.3972,Talnakh Hotel
277,Axim,GH,80.91,light rain,4.8699,-2.2405,Axim Beach Resort And Spa
278,Raub,MY,74.52,broken clouds,3.7899,101.857,Daniels Guest House Raub
280,Hernani,ES,71.2,broken clouds,43.2662,-1.9762,Ibiltze
281,Qui Nhon,VN,81.77,overcast clouds,13.7667,109.2333,Kh√°ch s·∫°n H·∫£i √Çu Quy Nh∆°n - Seagull Hotel
283,Key Largo,US,88.0,broken clouds,25.0865,-80.4473,Bayside Inn Key Largo
284,Eyl,SO,89.4,few clouds,7.9803,49.8164,Amiin Hotel
285,Pangkalanbuun,ID,74.19,overcast clouds,-2.6833,111.6167,Grand Kecubung Hotel
286,Sibolga,ID,77.18,overcast clouds,1.7427,98.7792,Hotel Syariah CN Darussalam
288,Faanui,PF,80.13,few clouds,-16.4833,-151.75,Bora-Bora Pearl Beach Resort & Spa
289,Pathein,MM,78.87,overcast clouds,16.7833,94.7333,Pathein Hotel
290,Imamoglu,TR,85.71,clear sky,37.2651,35.6572,ƒ∞SAK TATAR
293,Wenling,CN,74.86,light rain,28.3669,121.36,Hanting Express Wenling Wanchang North Road
294,Nishihara,JP,82.45,broken clouds,26.1842,127.7558,Minshuku Agaihama
295,Yei,SS,78.51,overcast clouds,4.095,30.6779,Twins Hotel Yei
296,Sinnamary,GF,82.2,scattered clouds,5.3833,-52.95,ALETHEIA Appartement Sinnamary
300,Darnah,LY,77.16,clear sky,32.767,22.6367,ŸÅŸÜÿØŸÇ ÿßŸÑŸÅÿ±ÿØŸàÿ≥
301,Ndola,ZM,77.32,clear sky,-12.9587,28.6366,Chabanga Lodge iSpot
302,Arara,BR,74.46,broken clouds,-6.8283,-35.7583,Conjunto Luiza Mendes
303,Mossendjo,CG,80.73,broken clouds,-2.9506,12.7261,HOTEL D'ASSISE
304,Alofi,NU,75.09,overcast clouds,-19.0595,-169.9187,Taloa Heights
305,Yaring,TH,79.68,overcast clouds,6.8662,101.3689,‡∏™‡∏ñ‡∏≤‡∏ô‡∏ó‡∏µ‡πà‡∏à‡∏±‡∏î‡∏á‡∏≤‡∏ô‡πÅ‡∏ï‡πà‡∏á SOFEE & DORN
306,Rockland,US,70.05,overcast clouds,41.1668,-74.0496,National Camp Association
308,Hambantota,LK,84.54,few clouds,6.1241,81.1185,Bungalow 63
309,Kudahuvadhoo,MV,83.66,overcast clouds,2.6708,72.8944,Niyama Private Islands Maldives
311,Cayenne,GF,84.09,light rain,4.9333,-52.3333,H√¥tel Le Dronmi
312,Esperantina,BR,86.16,clear sky,-3.9017,-42.2336,Hotel Bela Vista
313,Benjamin Constant,BR,80.73,clear sky,-4.3831,-70.0311,CASA AVALIADA
316,Matara,LK,79.63,overcast clouds,5.9485,80.5353,Amaloh Boutique Resort
318,Garchitorena,PH,81.45,scattered clouds,13.8804,123.6946,Site
320,Sakaiminato,JP,71.62,light rain,35.55,133.2333,Italian pasley
328,Kupang,ID,77.4,overcast clouds,-10.1667,123.5833,Hotel On The Rock by Prasanthi
333,Cabo San Lucas,MX,80.62,overcast clouds,22.8909,-109.9124,Vista Roof Restaurant
334,Moerai,PF,75.42,overcast clouds,-22.4333,-151.3333,Le Manotel
337,Markova,UA,83.98,clear sky,48.6758,24.4138,Vas.VOM
338,Vorozhba,UA,80.47,clear sky,51.1733,34.2192,–ë—É–¥–∏–Ω–æ–∫ –≤—ñ–¥–ø–æ—á–∏–Ω–∫—É –ª–æ–∫–æ–º–æ—Ç–∏–≤–Ω–∏—Ö –±—Ä–∏–≥–∞–¥
340,Fereydun Kenar,IR,78.66,clear sky,36.6864,52.5225,Khezer Shahr Tourist Hotel
341,Hope Mills,US,73.72,clear sky,34.9704,-78.9453,"Holiday Inn Express & Suites Hope Mills-Fayetteville Arpt, an IHG Hotel"
342,Panaba,MX,78.1,overcast clouds,21.2833,-88.2667,Hotel Don Fernando
347,Fukue,JP,71.96,heavy intensity rain,32.6881,128.8419,Goto Guesthouse Utojuku & SA Car Rental
349,Masuda,JP,72.19,moderate rain,34.6667,131.85,Masuda Green Hotel Morris
350,Masuguru,TZ,85.98,clear sky,-11.3667,38.4167,
352,Zuya,UA,82.29,few clouds,45.0531,34.3154,
354,Mana,GF,81.61,light rain,5.6592,-53.7767,LE SAMANA
357,Kotaparh,IN,81.91,heavy intensity rain,19.15,82.35,Atul Pattnaik
361,Nichinan,JP,72.25,light rain,31.6,131.3667,Guest House Aki
363,Caravelas,BR,77.54,few clouds,-17.7125,-39.2481,Pousada dos Navegantes
365,Thinadhoo,MV,84.22,overcast clouds,0.5333,72.9333,
366,Tura,IN,73.54,broken clouds,25.5198,90.2201,Hotel RIKMAN Continental
372,Westport,US,72.36,clear sky,41.1415,-73.3579,The Westport Inn
373,Saint George,US,71.8,clear sky,37.1041,-113.5841,Best Western Plus Abbey Inn
374,Gizo,SB,81.55,overcast clouds,-8.103,156.8419,Imagination Island
377,Santa Rosa,PH,86.09,broken clouds,14.3122,121.1114,Erlyn‚Äôs Sta Rosa City Home
378,Ixtapa,MX,80.22,broken clouds,20.7,-105.2,hotel la terminal
379,Semnan,IR,88.43,scattered clouds,35.5729,53.3971,Semnan Tourist Hotel
383,Santa Marta,CO,81.77,overcast clouds,11.2408,-74.199,Hotel La Ballena Azul
384,Katobu,ID,74.46,overcast clouds,-4.9408,122.5276,La Ode Husein
387,Lodja,CD,82.02,overcast clouds,-3.4833,23.4333,
388,Dondo,MZ,76.51,overcast clouds,-19.6094,34.7431,Arco Iris
389,Svay Rieng,KH,84.38,overcast clouds,11.0879,105.7993,Apsara guesthouse
391,Zhangjiakou,CN,77.79,light rain,40.81,114.8794,Shell Zhangjiakou City Qiaodong District Ginza Hotel
394,Bambous Virieux,MU,70.05,light rain,-20.3428,57.7575,Casa Tia Villa
397,Obregon,NI,78.75,overcast clouds,11.9566,-85.9636,Hostal Casa Aryen
398,Yenagoa,NG,82.58,moderate rain,4.9247,6.2642,Aridolf Resort Wellness and Spa
399,Mikhaylovka,RU,86.79,clear sky,50.06,43.2379,5 Komnat
404,Mandalgovi,MN,72.25,overcast clouds,45.7625,106.2708,–í.–ì–∞–Ω–±–∞—Ç
405,Zemlyansk,RU,83.84,clear sky,51.9041,38.7334,
406,Inirida,CO,71.08,light rain,3.8653,-67.9239,Fuente del Guania Hotel de Lujo
407,Olinda,BR,83.93,broken clouds,-8.0089,-34.8553,Flat Quatro Rodas Olinda
408,Namatanai,PG,79.32,broken clouds,-3.6667,152.4333,Seagulls Inn Namatani
409,Grand Gaube,MU,70.2,moderate rain,-20.0064,57.6608,Veranda Paul et Virginie Hotel & Spa
410,Banda Aceh,ID,80.8,overcast clouds,5.5577,95.3222,OYO 884 Rumoh PMI Hotel
413,Namwala,ZM,81.23,clear sky,-15.7504,26.4384,Corner Point Lodge
414,Zaysan,KZ,72.3,clear sky,47.4667,84.8667,–ï—Ä–ª–∞–Ω “Ø–π
416,Nanakuli,US,76.1,clear sky,21.3906,-158.1547,Camp PƒÅlehua
420,Miandrivazo,MG,83.82,clear sky,-19.5167,45.4667,H√¥tel Arc En Ciel Miandrivazo
421,Luba,GQ,77.79,moderate rain,3.4568,8.5547,
424,Litija,SI,89.62,clear sky,46.0586,14.8225,Gostilna Kovaƒç - Kovaƒç Marko s.p.
426,Angoche,MZ,76.75,scattered clouds,-16.2325,39.9086,Guest House HESADA
428,Durant,US,80.51,clear sky,33.994,-96.3708,"Holiday Inn Express & Suites Durant, an IHG Hotel"
429,Neyshabur,IR,80.82,clear sky,36.2133,58.7958,Amiran Hotel & Commercial Complex
430,Noumea,NC,70.0,overcast clouds,-22.2763,166.4572,H√¥tel Le Lagon
432,Gat,IL,85.41,clear sky,31.61,34.7642,OlusHome
435,Guangshui,CN,79.0,scattered clouds,31.6199,113.9978,ÂπøÊ∞¥Â∏ÇÈõÖÁëûÂÅáÊó•ÁîüÊÄÅÂõ≠
437,Mtambile,TZ,79.23,clear sky,-5.3833,39.7,
438,Birao,CF,77.85,moderate rain,10.2849,22.7882,
441,Pochutla,MX,77.83,broken clouds,15.7432,-96.4661,Hotel Posada San Jose
444,Tuy Hoa,VN,78.8,broken clouds,13.0833,109.3,CenDeluxe Hotel Tuy Hoa
447,Slonim,BY,74.95,broken clouds,53.0867,25.3219,Hostel on Brestskaya 107
449,Iguatemi,BR,71.15,scattered clouds,-23.6803,-54.5611,Hotel Seriema
452,Serra Talhada,BR,78.4,overcast clouds,-7.9919,-38.2983,Pousada S√£o Luiz
453,Isla Vista,US,73.92,clear sky,34.4133,-119.861,Best Western Plus South Coast Inn
454,Sun City West,US,83.68,clear sky,33.662,-112.3413,Windmill All Suites Surprise
455,Varna,BG,83.23,few clouds,43.2167,27.9167,Golden Tulip Varna
457,Ochakiv,UA,75.63,clear sky,46.6128,31.5498,Briz
458,Porto Novo,BJ,85.46,broken clouds,6.4965,2.6036,Tour Eiffel Hotel Benin
462,Choctaw,US,81.99,clear sky,35.4976,-97.2689,Woodland Hills Mobile Home Prk
463,Brownsville,US,85.96,clear sky,25.9018,-97.4975,Best Western Hotel Plaza Matamoros
464,Babu,CN,75.16,moderate rain,24.4167,111.5167,IU Hotel Hezhou Bus Terminal
468,Cape Canaveral,US,87.08,clear sky,28.4058,-80.6048,Residence Inn by Marriott Cape Canaveral Cocoa Beach
469,Dingle,PH,77.36,overcast clouds,10.9995,122.6711,SEGAYA PROPERTY
470,Coro,VE,83.84,broken clouds,11.4045,-69.6734,Federal
471,Vanimo,PG,77.36,overcast clouds,-2.6741,141.3028,Vahmoneh Lodge Vanimo
473,Abonnema,NG,78.26,moderate rain,4.7084,6.7931,Corper's Lodge Obonoma
474,Manavalakurichi,IN,80.87,overcast clouds,8.1333,77.3,Jebinrio home
478,Honiara,SB,76.3,broken clouds,-9.4333,159.95,Heritage Park Hotel
479,Victoria,HK,86.38,overcast clouds,22.2855,114.1577,Mini Central
482,Neropolis,BR,81.48,clear sky,-16.4064,-49.2186,Pousada Recanto do Cerrado
486,Lingao,CN,83.46,overcast clouds,19.9103,109.6859,Lingao Ditai Inn
489,Asfi,MA,72.37,clear sky,32.2994,-9.2372,H√¥tel Abda
490,Lardos,GR,76.95,clear sky,36.0942,28.0157,Lindos Princess Beach Hotel
495,Lethem,GY,77.13,moderate rain,3.3803,-59.7968,Savannah Inn
496,Bata,GQ,79.36,light rain,1.8639,9.7658,Hotel Elik Melen
499,Lufilufi,WS,81.39,broken clouds,-13.8745,-171.5986,Leuaina Beach Resort and Spa
501,Shipley,GB,72.12,few clouds,53.8333,-1.7667,Dubrovnik Hotel
503,Indianola,US,80.31,clear sky,41.3581,-93.5574,Quality Inn Indianola
505,Alexandria,EG,79.45,clear sky,31.2156,29.9553,Royal Crown Hotel
506,Touros,BR,84.33,scattered clouds,-5.1989,-35.4608,INN NEW HORIZON
507,Karwar,IN,78.03,overcast clouds,14.8,74.1333,Netalco Connects
508,Oistins,BB,86.09,broken clouds,13.0667,-59.5333,Butterfly Beach Hotel
509,Jacareacanga,BR,86.41,overcast clouds,-6.2222,-57.7528,Casa do Ianüòé
510,Stephenville,US,84.76,clear sky,32.2207,-98.2023,La Quinta Inn & Suites by Wyndham Stephenville
511,La Palma,US,74.1,clear sky,33.8464,-118.0467,La Quinta Inn & Suites by Wyndham Buena Park
512,Katherine,AU,75.52,overcast clouds,-14.4667,132.2667,Pine Tree Motel
513,Downers Grove,US,78.46,clear sky,41.8089,-88.0112,"Holiday Inn Express Chicago-Downers Grove, an IHG Hotel"
514,Carutapera,BR,85.28,scattered clouds,-1.195,-46.02,Lidera
515,Santa Ana,US,72.5,clear sky,33.7456,-117.8678,"Motel 6 Santa Ana, CA"
520,Puerto Leguizamo,CO,72.18,overcast clouds,-0.1934,-74.7819,la casona de juancho
521,Xai-Xai,MZ,71.35,broken clouds,-25.0519,33.6442,Complexo da Familia
522,Phan Thiet,VN,80.38,scattered clouds,10.9333,108.1,Hotel Saigon-PT
527,Kuito,AO,77.79,scattered clouds,-12.3833,16.9333,Herdeiros de Antunes Capusso
531,Oskaloosa,US,80.58,clear sky,41.2964,-92.6444,EverSpring Inn & Suites
532,Damietta,EG,78.93,clear sky,31.4165,31.8133,SULIMAN INN
535,Gasa,PS,83.88,clear sky,31.5,34.4667,ÿ±ÿßÿ®ÿ∑ÿ© ÿßŸÑŸÅŸÜÿßŸÜŸäŸÜ ÿßŸÑŸÅŸÑÿ≥ÿ∑ŸäŸÜŸäŸäŸÜ
536,Mangrol,IN,84.83,overcast clouds,21.1167,70.1167,Hotel The Royal Honours
537,Tarko-Sale,RU,78.73,overcast clouds,64.9225,77.785,Yubileynaya
538,Forestville,US,74.25,clear sky,38.8451,-76.875,Quality Inn Near Joint Base Andrews-Washington Area
539,Atambua,ID,71.2,overcast clouds,-9.1061,124.8925,Kost Alfa Flat
540,Puerto Del Rosario,ES,74.95,few clouds,28.5004,-13.8627,Hotel JM Puerto del Rosario
541,Remanso,BR,80.49,scattered clouds,-9.6179,-42.0831,Hotel Mangueira
542,Roald,NO,71.17,clear sky,62.5833,6.1333,Flem Cabins
543,Tual,ID,79.36,overcast clouds,-5.6667,132.75,Grand Vilia Hotel
544,Bayir,TR,75.72,clear sky,37.2687,28.2167,Hotel Babadag
545,Banjar,ID,76.19,few clouds,-8.19,114.9675,The Hamsa Resort
546,Nicoya,CR,76.51,overcast clouds,10.1483,-85.452,Las Cabinas Del Sue√±o
547,Yuancheng,CN,76.41,overcast clouds,36.652,107.7896,
549,Hovd,MN,70.79,few clouds,48.0056,91.6419,Hotel Khovd
550,Biharamulo,TZ,77.83,overcast clouds,-2.6319,31.3089,Annex Lodge
552,Coahuayana,MX,81.16,overcast clouds,18.7333,-103.6833,El rranchito michuacan de ocampos
553,Taitung,TW,84.09,overcast clouds,22.7583,121.1444,Taitung Bali Suites Hotel
555,Emilio Carranza,MX,79.84,overcast clouds,19.9711,-96.6114,Hotel Carranza Inn
559,Cockburn Town,TC,80.91,overcast clouds,21.4612,-71.1419,Osprey Beach Hotel
560,Pombas,CV,71.82,broken clouds,17.1503,-25.0201,Paul Paradis
562,Hima,UG,76.71,light rain,0.2958,30.1804,Hima Cement Limited Guest House
565,Srandakan,ID,78.17,scattered clouds,-7.9386,110.2506,Puri Brata
567,Entebbe,UG,75.52,few clouds,0.0644,32.4469,WB APARTMENT
569,Ilorin,NG,82.87,overcast clouds,8.5,4.55,SITY INN
577,Abha,SA,77.25,scattered clouds,18.2164,42.5053,Abha Hotel
578,Cape Coast,GH,80.28,light rain,5.1053,-1.2466,Samrit Hotel
582,Port Blair,IN,82.44,mist,11.6667,92.75,"Welcomhotel By ITC Hotels, Bay Island, Port Blair"
587,Diamantino,BR,84.78,clear sky,-14.4086,-56.4461,Hotel Delta
589,Grand-Santi,GF,84.27,broken clouds,4.25,-54.3833,Hotel La Villa Couacou
591,Boa Vista,BR,76.98,light rain,2.8197,-60.6733,Aipana Plaza Hotel
594,Qiryat Shemona,IL,89.44,clear sky,33.2073,35.5721,"◊ê◊õ◊°◊†◊ô◊ô◊™ ◊ê◊†""◊ê ◊™◊ú ◊ó◊ô HI Tel Hai Hostel"
596,Dongsheng,CN,77.4,light rain,39.8161,109.9776,Crowne Plaza Ordos
597,Praia,CV,76.06,light rain,14.9215,-23.5087,LT Aparthotel
598,Roura,GF,83.97,broken clouds,4.7263,-52.3274,Amazonie D√©couverte SARL
599,Sao Miguel Do Araguaia,BR,88.32,few clouds,-13.275,-50.1628,Hotel Executivo Palace
600,Povorino,RU,84.22,clear sky,51.1945,42.2457,Hotel Povorino
602,Somotillo,NI,80.74,overcast clouds,13.0433,-86.9064,Las Lomas Somotillo
603,Luau,AO,85.78,clear sky,-10.7073,22.2247,Casa- Bernardo C√¢ndido
606,Beroroha,MG,79.9,clear sky,-21.6667,45.1667,
607,Sola,VU,79.83,broken clouds,-13.8833,167.55,Leumerus Bungalows
608,Singapore,SG,80.55,broken clouds,1.2897,103.8501,The Fullerton Hotel Singapore
610,Agadir,MA,82.85,broken clouds,30.4202,-9.5982,Iberostar Founty Beach
613,Moose Factory,CA,70.03,overcast clouds,51.2585,-80.6094,Cree Village Eco Lodge
616,Gigmoto,PH,81.79,scattered clouds,13.7796,124.39,Cj's Travellers Inn
618,Port-Gentil,GA,80.56,few clouds,-0.7193,8.7815,Fengshui Residence
620,Santa Isabel Do Rio Negro,BR,80.2,overcast clouds,-0.4139,-65.0192,Hotel GSA
622,Filadelfia,US,73.0,broken clouds,39.9523,-75.1638,"The Ritz-Carlton, Philadelphia"
623,Tecoanapa,MX,79.38,overcast clouds,16.5167,-98.75,Hotel Manglares
624,Lebanon,US,77.45,few clouds,36.2081,-86.2911,Hampton Inn & Suites Lebanon
625,Luanda,AO,82.4,scattered clouds,-8.8368,13.2343,EPIC SANA Luanda
626,Mao,ES,79.36,few clouds,39.8885,4.2658,ARTIEM Capri
628,Oktyabrskoye,RU,82.54,broken clouds,43.0645,44.7417,Prolesok Mini-hotel
630,Padang,ID,80.65,heavy intensity rain,-0.9492,100.3543,Mercure Padang
632,Manacapuru,BR,83.25,broken clouds,-3.2997,-60.6206,Novo Hotel
633,Itaituba,BR,87.24,broken clouds,-4.2761,-55.9836,Hotel Campos
634,Pastos Bons,BR,87.4,clear sky,-6.6017,-44.0767,√Årea de lazer casa (Pucina)
635,Papetoai,PF,72.99,clear sky,-17.4961,-149.8729,Fare Vaihere
637,Ndele,CF,89.06,light rain,8.4109,20.6473,
638,Khetia,IN,87.08,broken clouds,21.6667,74.5833,Mastana Hotel
640,Mandera,KE,89.82,broken clouds,3.9366,41.867,Red Sea Resort & Suites Mandera County
642,Manaure,CO,84.76,scattered clouds,11.7751,-72.4445,Hotel Palaaima
643,Cururupu,BR,87.3,scattered clouds,-1.8283,-44.8683,POUSADA TRAV√âS'CIA
646,Barentu,ER,88.99,overcast clouds,15.1139,37.5928,
648,Antalaha,MG,73.45,few clouds,-14.9003,50.2788,Hotel Vitasoa
650,Harper,LR,79.7,light rain,4.375,-7.7169,Screensaver
653,Ceyhan,TR,86.34,clear sky,37.0247,35.8175,Ilbeyli Kiz Ogrenci Yurdu
654,Dawei,MM,79.61,overcast clouds,14.0833,98.2,Hotel Dawei
663,Fallbrook,US,75.13,clear sky,33.3764,-117.2512,Econo Lodge Inn & Suites Fallbrook Downtown
664,Biga,TR,79.57,clear sky,40.2281,27.2422,K√∂≈üdere Otel
666,Kloulklubed,PW,82.98,moderate rain,7.0419,134.2556,Storyboard Beach Resort
668,Zhanaozen,KZ,89.96,clear sky,43.3,52.8,K.korabay 28A
669,Lhokseumawe,ID,80.01,light rain,5.1801,97.1507,OYO 3278 Penginapan Alfajri
674,Jiazi,CN,80.4,overcast clouds,22.8779,116.067,Hotel Jin Hao
675,Yaan,NG,86.79,overcast clouds,7.3833,8.5667,
676,Shubarshi,KZ,76.78,overcast clouds,48.5872,57.1869,
678,Kulhudhuffushi,MV,82.6,overcast clouds,6.6221,73.07,Haajy Guest House 1
679,Ternate,ID,80.85,scattered clouds,0.8,127.4,Sahid Bela Ternate Hotel
681,Savinka,RU,85.98,clear sky,50.0785,47.0994,
684,Tautira,PF,78.76,scattered clouds,-17.7333,-149.15,Pension Oaoa
686,Faya,SA,77.52,overcast clouds,18.3851,42.4509,ÿßŸÖŸÑÿßŸÉ ÿÆÿßŸÑÿØ ÿßŸÑÿ¥ÿπÿ¥Ÿàÿπ
687,Atar,MR,76.15,light rain,20.5169,-13.0499,Oumou Elghoura
691,Kastamonu,TR,77.29,clear sky,41.5,33.6667,Kasaba Orencik Koyu Muhtarligi
692,Auki,SB,76.26,overcast clouds,-8.7676,160.7034,Auki Motel
695,Hami,CN,85.1,overcast clouds,42.8,93.45,Laoyutang Resort
696,Virginia Beach,US,76.05,scattered clouds,36.8529,-75.978,Hilton Virginia Beach Oceanfront
697,Lasa,IT,83.7,broken clouds,46.6166,10.7002,Pension Feldg√§rtenhof
704,Vila Do Maio,CV,75.43,light rain,15.1333,-23.2167,Hotel Marilu
708,Jiexiu,CN,82.63,overcast clouds,37.0244,111.9125,IU Hotel Jinzhong Yuhua Road
709,Mayya,RU,70.92,overcast clouds,61.7333,130.2811,
